scenario,rule,seed,round,attacker_active,accuracy,loss,attack_success_rate,attacker_outlier_rank
clean,fedavg,0,0,0,0.2887,1.1186,1.0000,
clean,fedavg,0,1,0,0.5825,0.9295,0.0000,
clean,fedavg,0,2,0,0.6021,0.8307,0.0720,
clean,fedavg,0,3,0,0.6567,0.7200,0.6000,
clean,fedavg,0,4,0,0.7155,0.6293,0.3360,
clean,fedavg,0,5,0,0.7629,0.5521,0.1120,
clean,fedavg,0,6,0,0.7794,0.5211,0.1600,
clean,fedavg,0,7,0,0.7918,0.4887,0.1040,
clean,fedavg,0,8,0,0.8010,0.4739,0.0720,
clean,fedavg,0,9,0,0.8000,0.4653,0.0720,
clean,fedavg,0,10,0,0.7969,0.4502,0.0960,
clean,fedavg,0,11,0,0.8175,0.4369,0.0800,
clean,fedavg,0,12,0,0.8165,0.4311,0.0720,
clean,fedavg,0,13,0,0.8206,0.4315,0.0720,
clean,fedavg,0,14,0,0.8062,0.4267,0.0960,
clean,fedavg,0,15,0,0.8196,0.4129,0.0880,
clean,fedavg,0,16,0,0.8227,0.4114,0.0720,
clean,fedavg,0,17,0,0.8206,0.4037,0.0880,
clean,fedavg,0,18,0,0.8247,0.4076,0.0560,
clean,fedavg,0,19,0,0.8299,0.4006,0.0400,
clean,fedavg,0,20,0,0.8340,0.3996,0.0400,
clean,fedavg,1,0,0,0.4093,1.0946,0.0000,
clean,fedavg,1,1,0,0.5825,0.9255,0.0000,
clean,fedavg,1,2,0,0.5856,0.8323,0.0080,
clean,fedavg,1,3,0,0.6526,0.7266,0.6480,
clean,fedavg,1,4,0,0.7175,0.6363,0.2800,
clean,fedavg,1,5,0,0.7505,0.5634,0.1840,
clean,fedavg,1,6,0,0.7711,0.5277,0.1120,
clean,fedavg,1,7,0,0.7763,0.5110,0.0880,
clean,fedavg,1,8,0,0.7835,0.4992,0.1200,
clean,fedavg,1,9,0,0.8010,0.4618,0.0800,
clean,fedavg,1,10,0,0.8052,0.4474,0.0560,
clean,fedavg,1,11,0,0.8103,0.4366,0.0960,
clean,fedavg,1,12,0,0.8165,0.4286,0.0880,
clean,fedavg,1,13,0,0.8196,0.4183,0.0880,
clean,fedavg,1,14,0,0.8186,0.4203,0.1120,
clean,fedavg,1,15,0,0.8103,0.4323,0.0800,
clean,fedavg,1,16,0,0.8186,0.4190,0.0960,
clean,fedavg,1,17,0,0.8320,0.4027,0.0880,
clean,fedavg,1,18,0,0.8227,0.4043,0.0880,
clean,fedavg,1,19,0,0.8299,0.3919,0.0800,
clean,fedavg,1,20,0,0.8309,0.3954,0.0400,
clean,fedavg,2,0,0,0.1299,1.1212,0.0080,
clean,fedavg,2,1,0,0.5825,0.9408,0.0000,
clean,fedavg,2,2,0,0.6134,0.8461,0.1520,
clean,fedavg,2,3,0,0.6485,0.7586,0.5840,
clean,fedavg,2,4,0,0.6866,0.6756,0.5360,
clean,fedavg,2,5,0,0.7412,0.5954,0.2000,
clean,fedavg,2,6,0,0.7701,0.5246,0.1200,
clean,fedavg,2,7,0,0.7876,0.4974,0.0640,
clean,fedavg,2,8,0,0.7856,0.4846,0.1440,
clean,fedavg,2,9,0,0.7959,0.4715,0.1360,
clean,fedavg,2,10,0,0.8000,0.4677,0.1120,
clean,fedavg,2,11,0,0.8175,0.4421,0.0560,
clean,fedavg,2,12,0,0.8155,0.4319,0.0880,
clean,fedavg,2,13,0,0.8144,0.4224,0.0960,
clean,fedavg,2,14,0,0.8113,0.4247,0.0640,
clean,fedavg,2,15,0,0.8144,0.4185,0.0960,
clean,fedavg,2,16,0,0.8268,0.4107,0.0720,
clean,fedavg,2,17,0,0.8216,0.4113,0.0880,
clean,fedavg,2,18,0,0.8227,0.4173,0.0880,
clean,fedavg,2,19,0,0.8278,0.4120,0.0880,
clean,fedavg,2,20,0,0.8320,0.4014,0.0560,
clean,multikrum,0,0,0,0.2887,1.1186,1.0000,
clean,multikrum,0,1,0,0.5825,0.9297,0.0000,
clean,multikrum,0,2,0,0.5979,0.8327,0.0560,
clean,multikrum,0,3,0,0.6588,0.7260,0.6240,
clean,multikrum,0,4,0,0.7082,0.6329,0.3680,
clean,multikrum,0,5,0,0.7588,0.5537,0.0960,
clean,multikrum,0,6,0,0.7722,0.5242,0.1680,
clean,multikrum,0,7,0,0.7856,0.4924,0.1440,
clean,multikrum,0,8,0,0.7959,0.4768,0.0720,
clean,multikrum,0,9,0,0.7928,0.4696,0.1120,
clean,multikrum,0,10,0,0.7979,0.4533,0.0880,
clean,multikrum,0,11,0,0.8113,0.4413,0.0880,
clean,multikrum,0,12,0,0.8206,0.4329,0.0640,
clean,multikrum,0,13,0,0.8155,0.4341,0.0880,
clean,multikrum,0,14,0,0.8072,0.4321,0.0960,
clean,multikrum,0,15,0,0.8175,0.4176,0.0960,
clean,multikrum,0,16,0,0.8206,0.4148,0.0880,
clean,multikrum,0,17,0,0.8237,0.4055,0.0960,
clean,multikrum,0,18,0,0.8237,0.4125,0.0640,
clean,multikrum,0,19,0,0.8268,0.4003,0.0720,
clean,multikrum,0,20,0,0.8320,0.4036,0.0320,
clean,multikrum,1,0,0,0.4093,1.0946,0.0000,
clean,multikrum,1,1,0,0.5825,0.9291,0.0000,
clean,multikrum,1,2,0,0.5825,0.8355,0.0000,
clean,multikrum,1,3,0,0.6515,0.7322,0.6560,
clean,multikrum,1,4,0,0.7062,0.6441,0.3280,
clean,multikrum,1,5,0,0.7567,0.5651,0.2000,
clean,multikrum,1,6,0,0.7742,0.5344,0.1040,
clean,multikrum,1,7,0,0.7856,0.5100,0.1040,
clean,multikrum,1,8,0,0.7835,0.4924,0.1280,
clean,multikrum,1,9,0,0.7948,0.4638,0.0960,
clean,multikrum,1,10,0,0.8082,0.4526,0.0400,
clean,multikrum,1,11,0,0.8082,0.4418,0.1040,
clean,multikrum,1,12,0,0.8082,0.4342,0.0880,
clean,multikrum,1,13,0,0.8206,0.4216,0.0880,
clean,multikrum,1,14,0,0.8134,0.4252,0.1120,
clean,multikrum,1,15,0,0.8072,0.4351,0.0880,
clean,multikrum,1,16,0,0.8196,0.4158,0.1040,
clean,multikrum,1,17,0,0.8247,0.4071,0.0880,
clean,multikrum,1,18,0,0.8237,0.4036,0.0880,
clean,multikrum,1,19,0,0.8258,0.3952,0.0880,
clean,multikrum,1,20,0,0.8289,0.3981,0.0640,
clean,multikrum,2,0,0,0.1299,1.1212,0.0080,
clean,multikrum,2,1,0,0.5825,0.9494,0.0000,
clean,multikrum,2,2,0,0.6093,0.8501,0.1120,
clean,multikrum,2,3,0,0.6515,0.7644,0.5840,
clean,multikrum,2,4,0,0.6897,0.6840,0.5280,
clean,multikrum,2,5,0,0.7381,0.6009,0.2480,
clean,multikrum,2,6,0,0.7722,0.5307,0.0480,
clean,multikrum,2,7,0,0.7876,0.5001,0.0720,
clean,multikrum,2,8,0,0.7876,0.4853,0.1520,
clean,multikrum,2,9,0,0.7918,0.4787,0.1440,
clean,multikrum,2,10,0,0.8031,0.4710,0.1040,
clean,multikrum,2,11,0,0.8175,0.4452,0.0560,
clean,multikrum,2,12,0,0.8062,0.4363,0.1040,
clean,multikrum,2,13,0,0.8144,0.4234,0.0880,
clean,multikrum,2,14,0,0.8144,0.4243,0.0560,
clean,multikrum,2,15,0,0.8124,0.4247,0.1040,
clean,multikrum,2,16,0,0.8247,0.4147,0.0800,
clean,multikrum,2,17,0,0.8237,0.4164,0.0960,
clean,multikrum,2,18,0,0.8216,0.4174,0.0960,
clean,multikrum,2,19,0,0.8175,0.4250,0.0960,
clean,multikrum,2,20,0,0.8258,0.4060,0.0880,
clean,krum,0,0,0,0.2887,1.1186,1.0000,
clean,krum,0,1,0,0.5825,0.9489,0.0000,
clean,krum,0,2,0,0.6041,0.8258,0.1280,
clean,krum,0,3,0,0.6433,0.7543,0.7040,
clean,krum,0,4,0,0.6670,0.6783,0.5840,
clean,krum,0,5,0,0.7402,0.6152,0.1360,
clean,krum,0,6,0,0.7485,0.6132,0.2400,
clean,krum,0,7,0,0.7588,0.5518,0.0400,
clean,krum,0,8,0,0.7701,0.5209,0.0880,
clean,krum,0,9,0,0.7433,0.5876,0.0080,
clean,krum,0,10,0,0.7701,0.5349,0.1760,
clean,krum,0,11,0,0.7969,0.4934,0.1120,
clean,krum,0,12,0,0.7979,0.4741,0.1120,
clean,krum,0,13,0,0.7680,0.5272,0.0000,
clean,krum,0,14,0,0.7825,0.4749,0.1920,
clean,krum,0,15,0,0.7907,0.4702,0.0320,
clean,krum,0,16,0,0.7887,0.4807,0.1840,
clean,krum,0,17,0,0.8052,0.4586,0.0400,
clean,krum,0,18,0,0.8072,0.4931,0.1920,
clean,krum,0,19,0,0.8216,0.4593,0.0240,
clean,krum,0,20,0,0.8186,0.4636,0.0560,
clean,krum,1,0,0,0.4093,1.0946,0.0000,
clean,krum,1,1,0,0.5825,0.9416,0.0000,
clean,krum,1,2,0,0.5825,0.8639,0.0000,
clean,krum,1,3,0,0.6247,0.7902,0.7520,
clean,krum,1,4,0,0.6866,0.6960,0.2320,
clean,krum,1,5,0,0.6918,0.6633,0.5920,
clean,krum,1,6,0,0.7361,0.5852,0.0720,
clean,krum,1,7,0,0.7351,0.6006,0.2800,
clean,krum,1,8,0,0.7526,0.5647,0.1440,
clean,krum,1,9,0,0.7588,0.5944,0.0240,
clean,krum,1,10,0,0.7557,0.5520,0.0880,
clean,krum,1,11,0,0.7887,0.5222,0.0560,
clean,krum,1,12,0,0.7784,0.5167,0.1840,
clean,krum,1,13,0,0.8031,0.4936,0.1040,
clean,krum,1,14,0,0.7773,0.5449,0.0800,
clean,krum,1,15,0,0.7938,0.4972,0.0560,
clean,krum,1,16,0,0.7619,0.5647,0.2960,
clean,krum,1,17,0,0.8041,0.4713,0.0640,
clean,krum,1,18,0,0.7866,0.4765,0.0640,
clean,krum,1,19,0,0.8216,0.4482,0.0560,
clean,krum,1,20,0,0.7990,0.4794,0.1120,
clean,krum,2,0,0,0.1299,1.1212,0.0080,
clean,krum,2,1,0,0.5825,0.9763,0.0000,
clean,krum,2,2,0,0.5825,0.8627,0.0000,
clean,krum,2,3,0,0.6485,0.7930,0.5680,
clean,krum,2,4,0,0.6608,0.7113,0.5360,
clean,krum,2,5,0,0.7206,0.6696,0.3840,
clean,krum,2,6,0,0.7412,0.6069,0.3680,
clean,krum,2,7,0,0.7629,0.5446,0.0640,
clean,krum,2,8,0,0.7505,0.5800,0.1840,
clean,krum,2,9,0,0.7794,0.5120,0.1440,
clean,krum,2,10,0,0.7619,0.5503,0.1120,
clean,krum,2,11,0,0.7598,0.5275,0.1200,
clean,krum,2,12,0,0.7990,0.4769,0.0480,
clean,krum,2,13,0,0.7742,0.5520,0.2320,
clean,krum,2,14,0,0.8021,0.5553,0.0000,
clean,krum,2,15,0,0.7732,0.6311,0.2560,
clean,krum,2,16,0,0.8134,0.4839,0.0560,
clean,krum,2,17,0,0.8062,0.4582,0.0960,
clean,krum,2,18,0,0.7979,0.4983,0.1440,
clean,krum,2,19,0,0.8093,0.5165,0.0960,
clean,krum,2,20,0,0.8155,0.4800,0.0640,
clean,trimmed-mean,0,0,0,0.2887,1.1186,1.0000,
clean,trimmed-mean,0,1,0,0.5825,0.9329,0.0000,
clean,trimmed-mean,0,2,0,0.6062,0.8291,0.1120,
clean,trimmed-mean,0,3,0,0.6588,0.7163,0.6160,
clean,trimmed-mean,0,4,0,0.7237,0.6237,0.2800,
clean,trimmed-mean,0,5,0,0.7629,0.5474,0.0960,
clean,trimmed-mean,0,6,0,0.7794,0.5192,0.1600,
clean,trimmed-mean,0,7,0,0.7907,0.4862,0.1040,
clean,trimmed-mean,0,8,0,0.8010,0.4719,0.0640,
clean,trimmed-mean,0,9,0,0.8010,0.4621,0.0800,
clean,trimmed-mean,0,10,0,0.8052,0.4461,0.0960,
clean,trimmed-mean,0,11,0,0.8196,0.4339,0.0640,
clean,trimmed-mean,0,12,0,0.8196,0.4284,0.0720,
clean,trimmed-mean,0,13,0,0.8186,0.4312,0.0720,
clean,trimmed-mean,0,14,0,0.8103,0.4245,0.0960,
clean,trimmed-mean,0,15,0,0.8227,0.4110,0.0800,
clean,trimmed-mean,0,16,0,0.8237,0.4098,0.0640,
clean,trimmed-mean,0,17,0,0.8237,0.4013,0.0880,
clean,trimmed-mean,0,18,0,0.8299,0.4057,0.0480,
clean,trimmed-mean,0,19,0,0.8309,0.3985,0.0400,
clean,trimmed-mean,0,20,0,0.8361,0.3976,0.0400,
clean,trimmed-mean,1,0,0,0.4093,1.0946,0.0000,
clean,trimmed-mean,1,1,0,0.5825,0.9276,0.0000,
clean,trimmed-mean,1,2,0,0.5866,0.8298,0.0240,
clean,trimmed-mean,1,3,0,0.6515,0.7229,0.6640,
clean,trimmed-mean,1,4,0,0.7247,0.6306,0.2640,
clean,trimmed-mean,1,5,0,0.7495,0.5580,0.1680,
clean,trimmed-mean,1,6,0,0.7722,0.5257,0.1040,
clean,trimmed-mean,1,7,0,0.7763,0.5066,0.1040,
clean,trimmed-mean,1,8,0,0.7876,0.4940,0.0960,
clean,trimmed-mean,1,9,0,0.7990,0.4585,0.0880,
clean,trimmed-mean,1,10,0,0.8082,0.4452,0.0560,
clean,trimmed-mean,1,11,0,0.8113,0.4342,0.0960,
clean,trimmed-mean,1,12,0,0.8175,0.4266,0.0880,
clean,trimmed-mean,1,13,0,0.8175,0.4163,0.0960,
clean,trimmed-mean,1,14,0,0.8237,0.4160,0.1040,
clean,trimmed-mean,1,15,0,0.8165,0.4277,0.0880,
clean,trimmed-mean,1,16,0,0.8237,0.4130,0.0960,
clean,trimmed-mean,1,17,0,0.8299,0.4016,0.0800,
clean,trimmed-mean,1,18,0,0.8268,0.4013,0.0800,
clean,trimmed-mean,1,19,0,0.8299,0.3904,0.0800,
clean,trimmed-mean,1,20,0,0.8299,0.3942,0.0400,
clean,trimmed-mean,2,0,0,0.1299,1.1212,0.0080,
clean,trimmed-mean,2,1,0,0.5825,0.9459,0.0000,
clean,trimmed-mean,2,2,0,0.6186,0.8463,0.1920,
clean,trimmed-mean,2,3,0,0.6485,0.7571,0.5920,
clean,trimmed-mean,2,4,0,0.6928,0.6722,0.4800,
clean,trimmed-mean,2,5,0,0.7464,0.5893,0.2080,
clean,trimmed-mean,2,6,0,0.7804,0.5196,0.0880,
clean,trimmed-mean,2,7,0,0.7887,0.4946,0.0560,
clean,trimmed-mean,2,8,0,0.7887,0.4804,0.1200,
clean,trimmed-mean,2,9,0,0.7979,0.4671,0.1040,
clean,trimmed-mean,2,10,0,0.8021,0.4635,0.0880,
clean,trimmed-mean,2,11,0,0.8186,0.4391,0.0560,
clean,trimmed-mean,2,12,0,0.8155,0.4293,0.0960,
clean,trimmed-mean,2,13,0,0.8165,0.4202,0.0960,
clean,trimmed-mean,2,14,0,0.8175,0.4217,0.0640,
clean,trimmed-mean,2,15,0,0.8165,0.4157,0.0960,
clean,trimmed-mean,2,16,0,0.8237,0.4095,0.0720,
clean,trimmed-mean,2,17,0,0.8216,0.4097,0.0880,
clean,trimmed-mean,2,18,0,0.8227,0.4143,0.0880,
clean,trimmed-mean,2,19,0,0.8330,0.4079,0.0880,
clean,trimmed-mean,2,20,0,0.8299,0.3986,0.0480,
clean,median,0,0,0,0.2887,1.1186,1.0000,
clean,median,0,1,0,0.5825,0.9371,0.0000,
clean,median,0,2,0,0.6113,0.8275,0.1440,
clean,median,0,3,0,0.6608,0.7129,0.6320,
clean,median,0,4,0,0.7309,0.6168,0.2640,
clean,median,0,5,0,0.7680,0.5422,0.0720,
clean,median,0,6,0,0.7773,0.5174,0.1600,
clean,median,0,7,0,0.7887,0.4850,0.1120,
clean,median,0,8,0,0.7979,0.4714,0.0640,
clean,median,0,9,0,0.8010,0.4615,0.0800,
clean,median,0,10,0,0.8093,0.4434,0.0800,
clean,median,0,11,0,0.8196,0.4328,0.0560,
clean,median,0,12,0,0.8196,0.4275,0.0800,
clean,median,0,13,0,0.8165,0.4341,0.0720,
clean,median,0,14,0,0.8103,0.4237,0.0960,
clean,median,0,15,0,0.8268,0.4094,0.0560,
clean,median,0,16,0,0.8289,0.4093,0.0640,
clean,median,0,17,0,0.8330,0.4004,0.0880,
clean,median,0,18,0,0.8289,0.4027,0.0480,
clean,median,0,19,0,0.8340,0.3970,0.0400,
clean,median,0,20,0,0.8371,0.3967,0.0400,
clean,median,1,0,0,0.4093,1.0946,0.0000,
clean,median,1,1,0,0.5825,0.9300,0.0000,
clean,median,1,2,0,0.5928,0.8265,0.0400,
clean,median,1,3,0,0.6567,0.7189,0.6640,
clean,median,1,4,0,0.7278,0.6259,0.2400,
clean,median,1,5,0,0.7515,0.5525,0.1600,
clean,median,1,6,0,0.7742,0.5239,0.1040,
clean,median,1,7,0,0.7835,0.5023,0.1040,
clean,median,1,8,0,0.7907,0.4895,0.0960,
clean,median,1,9,0,0.8031,0.4570,0.0880,
clean,median,1,10,0,0.8072,0.4463,0.0560,
clean,median,1,11,0,0.8124,0.4324,0.0960,
clean,median,1,12,0,0.8206,0.4246,0.0880,
clean,median,1,13,0,0.8175,0.4149,0.0960,
clean,median,1,14,0,0.8247,0.4111,0.0960,
clean,median,1,15,0,0.8186,0.4204,0.0880,
clean,median,1,16,0,0.8268,0.4058,0.0960,
clean,median,1,17,0,0.8278,0.4005,0.0720,
clean,median,1,18,0,0.8299,0.3974,0.0800,
clean,median,1,19,0,0.8309,0.3887,0.0800,
clean,median,1,20,0,0.8289,0.3920,0.0400,
clean,median,2,0,0,0.1299,1.1212,0.0080,
clean,median,2,1,0,0.5825,0.9531,0.0000,
clean,median,2,2,0,0.6216,0.8458,0.2240,
clean,median,2,3,0,0.6474,0.7536,0.5840,
clean,median,2,4,0,0.6928,0.6665,0.4560,
clean,median,2,5,0,0.7433,0.5835,0.2400,
clean,median,2,6,0,0.7763,0.5153,0.0880,
clean,median,2,7,0,0.7907,0.4927,0.0560,
clean,median,2,8,0,0.7876,0.4755,0.1200,
clean,median,2,9,0,0.7959,0.4628,0.1040,
clean,median,2,10,0,0.8062,0.4614,0.0880,
clean,median,2,11,0,0.8196,0.4370,0.0560,
clean,median,2,12,0,0.8186,0.4280,0.0960,
clean,median,2,13,0,0.8196,0.4192,0.0960,
clean,median,2,14,0,0.8186,0.4193,0.0640,
clean,median,2,15,0,0.8206,0.4169,0.0960,
clean,median,2,16,0,0.8237,0.4090,0.0720,
clean,median,2,17,0,0.8237,0.4103,0.0880,
clean,median,2,18,0,0.8216,0.4133,0.0880,
clean,median,2,19,0,0.8330,0.4026,0.0880,
clean,median,2,20,0,0.8227,0.3979,0.0640,
clean,bulyan,0,0,0,0.2887,1.1186,1.0000,
clean,bulyan,0,1,0,0.5825,0.9370,0.0000,
clean,bulyan,0,2,0,0.6124,0.8254,0.1920,
clean,bulyan,0,3,0,0.6598,0.7162,0.6480,
clean,bulyan,0,4,0,0.7330,0.6220,0.2560,
clean,bulyan,0,5,0,0.7670,0.5416,0.0640,
clean,bulyan,0,6,0,0.7619,0.5287,0.1920,
clean,bulyan,0,7,0,0.7814,0.4939,0.1280,
clean,bulyan,0,8,0,0.7959,0.4811,0.0560,
clean,bulyan,0,9,0,0.7897,0.4683,0.1280,
clean,bulyan,0,10,0,0.8124,0.4477,0.0720,
clean,bulyan,0,11,0,0.8165,0.4389,0.0640,
clean,bulyan,0,12,0,0.8196,0.4365,0.0720,
clean,bulyan,0,13,0,0.8093,0.4414,0.0960,
clean,bulyan,0,14,0,0.8134,0.4197,0.0960,
clean,bulyan,0,15,0,0.8186,0.4139,0.0720,
clean,bulyan,0,16,0,0.8330,0.4142,0.0480,
clean,bulyan,0,17,0,0.8330,0.4058,0.0960,
clean,bulyan,0,18,0,0.8278,0.4131,0.0400,
clean,bulyan,0,19,0,0.8299,0.3967,0.0720,
clean,bulyan,0,20,0,0.8351,0.4004,0.0320,
clean,bulyan,1,0,0,0.4093,1.0946,0.0000,
clean,bulyan,1,1,0,0.5825,0.9368,0.0000,
clean,bulyan,1,2,0,0.5887,0.8321,0.0320,
clean,bulyan,1,3,0,0.6536,0.7229,0.6640,
clean,bulyan,1,4,0,0.7237,0.6328,0.2800,
clean,bulyan,1,5,0,0.7515,0.5585,0.2160,
clean,bulyan,1,6,0,0.7742,0.5310,0.0720,
clean,bulyan,1,7,0,0.7835,0.5043,0.1200,
clean,bulyan,1,8,0,0.7876,0.4853,0.1040,
clean,bulyan,1,9,0,0.8021,0.4620,0.0800,
clean,bulyan,1,10,0,0.8072,0.4532,0.0480,
clean,bulyan,1,11,0,0.8113,0.4372,0.1040,
clean,bulyan,1,12,0,0.8196,0.4288,0.0800,
clean,bulyan,1,13,0,0.8175,0.4202,0.1040,
clean,bulyan,1,14,0,0.8186,0.4162,0.0960,
clean,bulyan,1,15,0,0.8144,0.4212,0.0880,
clean,bulyan,1,16,0,0.8247,0.4075,0.0960,
clean,bulyan,1,17,0,0.8227,0.4098,0.0800,
clean,bulyan,1,18,0,0.8247,0.3966,0.0960,
clean,bulyan,1,19,0,0.8299,0.3939,0.0720,
clean,bulyan,1,20,0,0.8289,0.3954,0.0560,
clean,bulyan,2,0,0,0.1299,1.1212,0.0080,
clean,bulyan,2,1,0,0.5825,0.9681,0.0000,
clean,bulyan,2,2,0,0.6175,0.8551,0.1680,
clean,bulyan,2,3,0,0.6474,0.7633,0.5600,
clean,bulyan,2,4,0,0.6979,0.6765,0.4400,
clean,bulyan,2,5,0,0.7340,0.5902,0.3120,
clean,bulyan,2,6,0,0.7722,0.5208,0.0560,
clean,bulyan,2,7,0,0.7897,0.4946,0.0640,
clean,bulyan,2,8,0,0.7928,0.4769,0.1360,
clean,bulyan,2,9,0,0.8072,0.4658,0.0800,
clean,bulyan,2,10,0,0.8010,0.4626,0.0960,
clean,bulyan,2,11,0,0.8165,0.4397,0.0640,
clean,bulyan,2,12,0,0.8165,0.4309,0.1040,
clean,bulyan,2,13,0,0.8196,0.4222,0.0880,
clean,bulyan,2,14,0,0.8196,0.4215,0.0800,
clean,bulyan,2,15,0,0.8227,0.4278,0.0960,
clean,bulyan,2,16,0,0.8216,0.4116,0.0720,
clean,bulyan,2,17,0,0.8278,0.4206,0.0960,
clean,bulyan,2,18,0,0.8258,0.4140,0.0960,
clean,bulyan,2,19,0,0.8330,0.4053,0.0560,
clean,bulyan,2,20,0,0.8299,0.4016,0.0880,
flip,fedavg,0,0,0,0.2887,1.1186,1.0000,
flip,fedavg,0,1,0,0.5825,0.9295,0.0000,11
flip,fedavg,0,2,0,0.6021,0.8307,0.0720,8
flip,fedavg,0,3,0,0.6567,0.7200,0.6000,11
flip,fedavg,0,4,0,0.7155,0.6293,0.3360,1
flip,fedavg,0,5,0,0.7629,0.5521,0.1120,5
flip,fedavg,0,6,1,0.7546,0.5386,0.2800,1
flip,fedavg,0,7,1,0.7763,0.5057,0.1840,1
flip,fedavg,0,8,1,0.7825,0.4874,0.1840,1
flip,fedavg,0,9,1,0.7784,0.4848,0.1680,1
flip,fedavg,0,10,1,0.7876,0.4684,0.1760,1
flip,fedavg,0,11,1,0.7959,0.4458,0.1680,1
flip,fedavg,0,12,1,0.8010,0.4399,0.1280,1
flip,fedavg,0,13,1,0.8072,0.4401,0.1200,1
flip,fedavg,0,14,1,0.8000,0.4407,0.1280,1
flip,fedavg,0,15,1,0.8155,0.4230,0.1040,1
flip,fedavg,0,16,1,0.8144,0.4155,0.0960,1
flip,fedavg,0,17,1,0.8247,0.4131,0.1120,1
flip,fedavg,0,18,1,0.8196,0.4101,0.0880,1
flip,fedavg,0,19,1,0.8309,0.4005,0.0800,1
flip,fedavg,0,20,1,0.8309,0.4009,0.0960,1
flip,fedavg,1,0,0,0.4093,1.0946,0.0000,
flip,fedavg,1,1,0,0.5825,0.9255,0.0000,2
flip,fedavg,1,2,0,0.5856,0.8323,0.0080,6
flip,fedavg,1,3,0,0.6526,0.7266,0.6480,5
flip,fedavg,1,4,0,0.7175,0.6363,0.2800,8
flip,fedavg,1,5,0,0.7505,0.5634,0.1840,1
flip,fedavg,1,6,1,0.7608,0.5428,0.2240,1
flip,fedavg,1,7,1,0.7649,0.5254,0.1600,1
flip,fedavg,1,8,1,0.7608,0.5198,0.1920,1
flip,fedavg,1,9,1,0.7876,0.4732,0.1520,1
flip,fedavg,1,10,1,0.7979,0.4567,0.1120,1
flip,fedavg,1,11,1,0.8062,0.4563,0.1600,1
flip,fedavg,1,12,1,0.8041,0.4428,0.1280,1
flip,fedavg,1,13,1,0.8186,0.4330,0.1200,1
flip,fedavg,1,14,1,0.8134,0.4377,0.1280,1
flip,fedavg,1,15,1,0.8082,0.4381,0.1040,1
flip,fedavg,1,16,1,0.8144,0.4337,0.1200,1
flip,fedavg,1,17,1,0.8278,0.4079,0.0960,1
flip,fedavg,1,18,1,0.8216,0.4087,0.0960,1
flip,fedavg,1,19,1,0.8289,0.3980,0.0960,1
flip,fedavg,1,20,1,0.8278,0.3949,0.0880,1
flip,fedavg,2,0,0,0.1299,1.1212,0.0080,
flip,fedavg,2,1,0,0.5825,0.9408,0.0000,9
flip,fedavg,2,2,0,0.6134,0.8461,0.1520,10
flip,fedavg,2,3,0,0.6485,0.7586,0.5840,7
flip,fedavg,2,4,0,0.6866,0.6756,0.5360,8
flip,fedavg,2,5,0,0.7412,0.5954,0.2000,2
flip,fedavg,2,6,1,0.7629,0.5357,0.2080,1
flip,fedavg,2,7,1,0.7784,0.5054,0.1600,1
flip,fedavg,2,8,1,0.7773,0.5045,0.2000,1
flip,fedavg,2,9,1,0.7887,0.4859,0.1760,1
flip,fedavg,2,10,1,0.7866,0.4780,0.1600,1
flip,fedavg,2,11,1,0.8052,0.4469,0.1200,1
flip,fedavg,2,12,1,0.8041,0.4441,0.1520,1
flip,fedavg,2,13,1,0.8113,0.4346,0.1200,1
flip,fedavg,2,14,1,0.8103,0.4288,0.0960,1
flip,fedavg,2,15,1,0.8144,0.4335,0.1280,1
flip,fedavg,2,16,1,0.8247,0.4122,0.0960,1
flip,fedavg,2,17,1,0.8216,0.4156,0.0960,1
flip,fedavg,2,18,1,0.8175,0.4244,0.0960,1
flip,fedavg,2,19,1,0.8216,0.4215,0.0960,1
flip,fedavg,2,20,1,0.8330,0.4028,0.0960,1
flip,multikrum,0,0,0,0.2887,1.1186,1.0000,
flip,multikrum,0,1,0,0.5825,0.9297,0.0000,11
flip,multikrum,0,2,0,0.5979,0.8327,0.0560,8
flip,multikrum,0,3,0,0.6588,0.7260,0.6240,11
flip,multikrum,0,4,0,0.7082,0.6329,0.3680,1
flip,multikrum,0,5,0,0.7588,0.5537,0.0960,4
flip,multikrum,0,6,1,0.7711,0.5255,0.1600,1
flip,multikrum,0,7,1,0.7876,0.4913,0.1120,1
flip,multikrum,0,8,1,0.7918,0.4777,0.0880,1
flip,multikrum,0,9,1,0.7969,0.4764,0.0800,1
flip,multikrum,0,10,1,0.7948,0.4541,0.1040,1
flip,multikrum,0,11,1,0.8175,0.4394,0.0800,1
flip,multikrum,0,12,1,0.8144,0.4334,0.0800,1
flip,multikrum,0,13,1,0.8134,0.4344,0.0800,1
flip,multikrum,0,14,1,0.8052,0.4299,0.0880,1
flip,multikrum,0,15,1,0.8186,0.4168,0.0800,1
flip,multikrum,0,16,1,0.8247,0.4153,0.0800,1
flip,multikrum,0,17,1,0.8237,0.4079,0.0880,1
flip,multikrum,0,18,1,0.8216,0.4156,0.0640,1
flip,multikrum,0,19,1,0.8309,0.4085,0.0400,1
flip,multikrum,0,20,1,0.8340,0.4071,0.0400,1
flip,multikrum,1,0,0,0.4093,1.0946,0.0000,
flip,multikrum,1,1,0,0.5825,0.9291,0.0000,2
flip,multikrum,1,2,0,0.5825,0.8355,0.0000,6
flip,multikrum,1,3,0,0.6515,0.7322,0.6560,4
flip,multikrum,1,4,0,0.7062,0.6441,0.3280,8
flip,multikrum,1,5,0,0.7567,0.5651,0.2000,1
flip,multikrum,1,6,1,0.7773,0.5296,0.1360,1
flip,multikrum,1,7,1,0.7711,0.5118,0.1040,1
flip,multikrum,1,8,1,0.7763,0.5009,0.1120,1
flip,multikrum,1,9,1,0.7979,0.4614,0.0880,1
flip,multikrum,1,10,1,0.8041,0.4482,0.0480,1
flip,multikrum,1,11,1,0.8072,0.4399,0.1040,1
flip,multikrum,1,12,1,0.8103,0.4348,0.0880,1
flip,multikrum,1,13,1,0.8124,0.4245,0.1040,1
flip,multikrum,1,14,1,0.8072,0.4273,0.1120,1
flip,multikrum,1,15,1,0.8134,0.4364,0.0880,1
flip,multikrum,1,16,1,0.8175,0.4274,0.1040,1
flip,multikrum,1,17,1,0.8278,0.4105,0.0800,1
flip,multikrum,1,18,1,0.8227,0.4161,0.0720,1
flip,multikrum,1,19,1,0.8258,0.3972,0.0880,1
flip,multikrum,1,20,1,0.8278,0.4027,0.0240,1
flip,multikrum,2,0,0,0.1299,1.1212,0.0080,
flip,multikrum,2,1,0,0.5825,0.9494,0.0000,9
flip,multikrum,2,2,0,0.6093,0.8501,0.1120,11
flip,multikrum,2,3,0,0.6515,0.7644,0.5840,7
flip,multikrum,2,4,0,0.6897,0.6840,0.5280,9
flip,multikrum,2,5,0,0.7381,0.6009,0.2480,2
flip,multikrum,2,6,1,0.7680,0.5259,0.1120,1
flip,multikrum,2,7,1,0.7876,0.4984,0.0720,1
flip,multikrum,2,8,1,0.7856,0.4862,0.1520,1
flip,multikrum,2,9,1,0.7907,0.4721,0.1440,1
flip,multikrum,2,10,1,0.7990,0.4681,0.0880,1
flip,multikrum,2,11,1,0.8155,0.4429,0.0560,1
flip,multikrum,2,12,1,0.8113,0.4338,0.0960,1
flip,multikrum,2,13,1,0.8134,0.4258,0.0960,1
flip,multikrum,2,14,1,0.8052,0.4339,0.0800,1
flip,multikrum,2,15,1,0.8124,0.4267,0.0960,1
flip,multikrum,2,16,1,0.8227,0.4161,0.0800,1
flip,multikrum,2,17,1,0.8206,0.4190,0.0880,1
flip,multikrum,2,18,1,0.8206,0.4224,0.0960,1
flip,multikrum,2,19,1,0.8093,0.4302,0.0960,1
flip,multikrum,2,20,1,0.8258,0.4106,0.0720,1
flip,krum,0,0,0,0.2887,1.1186,1.0000,
flip,krum,0,1,0,0.5825,0.9489,0.0000,11
flip,krum,0,2,0,0.6041,0.8258,0.1280,5
flip,krum,0,3,0,0.6433,0.7543,0.7040,10
flip,krum,0,4,0,0.6670,0.6783,0.5840,5
flip,krum,0,5,0,0.7402,0.6152,0.1360,6
flip,krum,0,6,1,0.7485,0.6132,0.2400,1
flip,krum,0,7,1,0.7588,0.5518,0.0400,1
flip,krum,0,8,1,0.7701,0.5209,0.0880,1
flip,krum,0,9,1,0.7433,0.5876,0.0080,1
flip,krum,0,10,1,0.7701,0.5349,0.1760,1
flip,krum,0,11,1,0.7969,0.4934,0.1120,1
flip,krum,0,12,1,0.7979,0.4741,0.1120,1
flip,krum,0,13,1,0.7680,0.5272,0.0000,1
flip,krum,0,14,1,0.7825,0.4749,0.1920,1
flip,krum,0,15,1,0.7907,0.4702,0.0320,1
flip,krum,0,16,1,0.7887,0.4807,0.1840,1
flip,krum,0,17,1,0.8052,0.4586,0.0400,1
flip,krum,0,18,1,0.8072,0.4931,0.1920,1
flip,krum,0,19,1,0.8216,0.4593,0.0240,1
flip,krum,0,20,1,0.8186,0.4636,0.0560,1
flip,krum,1,0,0,0.4093,1.0946,0.0000,
flip,krum,1,1,0,0.5825,0.9416,0.0000,2
flip,krum,1,2,0,0.5825,0.8639,0.0000,6
flip,krum,1,3,0,0.6247,0.7902,0.7520,5
flip,krum,1,4,0,0.6866,0.6960,0.2320,9
flip,krum,1,5,0,0.6918,0.6633,0.5920,1
flip,krum,1,6,1,0.7361,0.5852,0.0720,1
flip,krum,1,7,1,0.7351,0.6006,0.2800,1
flip,krum,1,8,1,0.7598,0.5752,0.0960,1
flip,krum,1,9,1,0.7742,0.5351,0.0400,1
flip,krum,1,10,1,0.7639,0.5504,0.0480,1
flip,krum,1,11,1,0.7959,0.4923,0.1360,1
flip,krum,1,12,1,0.7887,0.5068,0.0640,1
flip,krum,1,13,1,0.7866,0.4898,0.1360,1
flip,krum,1,14,1,0.8000,0.4802,0.0640,1
flip,krum,1,15,1,0.7928,0.5000,0.0640,1
flip,krum,1,16,1,0.7784,0.5175,0.2400,1
flip,krum,1,17,1,0.8041,0.4597,0.0560,1
flip,krum,1,18,1,0.8165,0.4385,0.0800,1
flip,krum,1,19,1,0.8062,0.4754,0.0480,1
flip,krum,1,20,1,0.8165,0.4473,0.1120,1
flip,krum,2,0,0,0.1299,1.1212,0.0080,
flip,krum,2,1,0,0.5825,0.9763,0.0000,9
flip,krum,2,2,0,0.5825,0.8627,0.0000,9
flip,krum,2,3,0,0.6485,0.7930,0.5680,7
flip,krum,2,4,0,0.6608,0.7113,0.5360,8
flip,krum,2,5,0,0.7206,0.6696,0.3840,2
flip,krum,2,6,1,0.7505,0.6276,0.0640,1
flip,krum,2,7,1,0.7495,0.5474,0.1840,1
flip,krum,2,8,1,0.7701,0.5196,0.1200,1
flip,krum,2,9,1,0.7763,0.5167,0.1360,1
flip,krum,2,10,1,0.7649,0.5417,0.1680,1
flip,krum,2,11,1,0.7639,0.5276,0.1360,1
flip,krum,2,12,1,0.7660,0.5244,0.1840,1
flip,krum,2,13,1,0.7887,0.5183,0.1600,1
flip,krum,2,14,1,0.8052,0.4815,0.0720,1
flip,krum,2,15,1,0.7351,0.5878,0.1440,1
flip,krum,2,16,1,0.8052,0.4668,0.0960,1
flip,krum,2,17,1,0.8010,0.4608,0.0960,1
flip,krum,2,18,1,0.8041,0.4887,0.1280,1
flip,krum,2,19,1,0.8144,0.4985,0.0800,1
flip,krum,2,20,1,0.8155,0.4600,0.0720,1
flip,trimmed-mean,0,0,0,0.2887,1.1186,1.0000,
flip,trimmed-mean,0,1,0,0.5825,0.9329,0.0000,11
flip,trimmed-mean,0,2,0,0.6062,0.8291,0.1120,8
flip,trimmed-mean,0,3,0,0.6588,0.7163,0.6160,11
flip,trimmed-mean,0,4,0,0.7237,0.6237,0.2800,2
flip,trimmed-mean,0,5,0,0.7629,0.5474,0.0960,5
flip,trimmed-mean,0,6,1,0.7588,0.5324,0.2560,1
flip,trimmed-mean,0,7,1,0.7784,0.4974,0.1840,1
flip,trimmed-mean,0,8,1,0.7835,0.4802,0.1760,1
flip,trimmed-mean,0,9,1,0.7856,0.4761,0.1680,1
flip,trimmed-mean,0,10,1,0.7907,0.4563,0.1680,1
flip,trimmed-mean,0,11,1,0.8103,0.4390,0.1200,1
flip,trimmed-mean,0,12,1,0.8093,0.4322,0.1120,1
flip,trimmed-mean,0,13,1,0.8103,0.4331,0.0960,1
flip,trimmed-mean,0,14,1,0.8031,0.4310,0.1120,1
flip,trimmed-mean,0,15,1,0.8196,0.4168,0.0960,1
flip,trimmed-mean,0,16,1,0.8165,0.4108,0.0880,1
flip,trimmed-mean,0,17,1,0.8278,0.4082,0.0960,1
flip,trimmed-mean,0,18,1,0.8247,0.4079,0.0880,1
flip,trimmed-mean,0,19,1,0.8320,0.3985,0.0720,1
flip,trimmed-mean,0,20,1,0.8320,0.3986,0.0640,1
flip,trimmed-mean,1,0,0,0.4093,1.0946,0.0000,
flip,trimmed-mean,1,1,0,0.5825,0.9276,0.0000,2
flip,trimmed-mean,1,2,0,0.5866,0.8298,0.0240,6
flip,trimmed-mean,1,3,0,0.6515,0.7229,0.6640,5
flip,trimmed-mean,1,4,0,0.7247,0.6306,0.2640,8
flip,trimmed-mean,1,5,0,0.7495,0.5580,0.1680,1
flip,trimmed-mean,1,6,1,0.7619,0.5361,0.2000,1
flip,trimmed-mean,1,7,1,0.7701,0.5135,0.1520,1
flip,trimmed-mean,1,8,1,0.7753,0.5044,0.1680,1
flip,trimmed-mean,1,9,1,0.7918,0.4662,0.1440,1
flip,trimmed-mean,1,10,1,0.7979,0.4505,0.1040,1
flip,trimmed-mean,1,11,1,0.8124,0.4484,0.1360,1
flip,trimmed-mean,1,12,1,0.8072,0.4348,0.1120,1
flip,trimmed-mean,1,13,1,0.8206,0.4268,0.1200,1
flip,trimmed-mean,1,14,1,0.8175,0.4265,0.1200,1
flip,trimmed-mean,1,15,1,0.8103,0.4275,0.0960,1
flip,trimmed-mean,1,16,1,0.8196,0.4227,0.1120,1
flip,trimmed-mean,1,17,1,0.8299,0.4031,0.0960,1
flip,trimmed-mean,1,18,1,0.8247,0.4029,0.0960,1
flip,trimmed-mean,1,19,1,0.8320,0.3944,0.0960,1
flip,trimmed-mean,1,20,1,0.8289,0.3930,0.0720,1
flip,trimmed-mean,2,0,0,0.1299,1.1212,0.0080,
flip,trimmed-mean,2,1,0,0.5825,0.9459,0.0000,9
flip,trimmed-mean,2,2,0,0.6186,0.8463,0.1920,10
flip,trimmed-mean,2,3,0,0.6485,0.7571,0.5920,7
flip,trimmed-mean,2,4,0,0.6928,0.6722,0.4800,9
flip,trimmed-mean,2,5,0,0.7464,0.5893,0.2080,2
flip,trimmed-mean,2,6,1,0.7701,0.5269,0.1760,1
flip,trimmed-mean,2,7,1,0.7784,0.4981,0.1520,1
flip,trimmed-mean,2,8,1,0.7794,0.4937,0.1920,1
flip,trimmed-mean,2,9,1,0.7918,0.4761,0.1600,1
flip,trimmed-mean,2,10,1,0.7918,0.4697,0.1600,1
flip,trimmed-mean,2,11,1,0.8134,0.4409,0.0800,1
flip,trimmed-mean,2,12,1,0.8113,0.4374,0.1200,1
flip,trimmed-mean,2,13,1,0.8113,0.4267,0.1040,1
flip,trimmed-mean,2,14,1,0.8134,0.4241,0.0880,1
flip,trimmed-mean,2,15,1,0.8175,0.4282,0.1200,1
flip,trimmed-mean,2,16,1,0.8216,0.4090,0.0960,1
flip,trimmed-mean,2,17,1,0.8237,0.4123,0.0960,1
flip,trimmed-mean,2,18,1,0.8216,0.4178,0.0960,1
flip,trimmed-mean,2,19,1,0.8278,0.4153,0.0960,1
flip,trimmed-mean,2,20,1,0.8278,0.3995,0.0960,1
flip,median,0,0,0,0.2887,1.1186,1.0000,
flip,median,0,1,0,0.5825,0.9371,0.0000,11
flip,median,0,2,0,0.6113,0.8275,0.1440,7
flip,median,0,3,0,0.6608,0.7129,0.6320,10
flip,median,0,4,0,0.7309,0.6168,0.2640,1
flip,median,0,5,0,0.7680,0.5421,0.0720,4
flip,median,0,6,1,0.7649,0.5272,0.2240,1
flip,median,0,7,1,0.7814,0.4918,0.1760,1
flip,median,0,8,1,0.7856,0.4758,0.1600,1
flip,median,0,9,1,0.7928,0.4710,0.1360,1
flip,median,0,10,1,0.8000,0.4484,0.1360,1
flip,median,0,11,1,0.8155,0.4337,0.0880,1
flip,median,0,12,1,0.8124,0.4290,0.0960,1
flip,median,0,13,1,0.8134,0.4328,0.0880,1
flip,median,0,14,1,0.8072,0.4305,0.1040,1
flip,median,0,15,1,0.8247,0.4113,0.0800,1
flip,median,0,16,1,0.8227,0.4087,0.0720,1
flip,median,0,17,1,0.8309,0.4054,0.0880,1
flip,median,0,18,1,0.8278,0.4055,0.0800,1
flip,median,0,19,1,0.8330,0.3982,0.0560,1
flip,median,0,20,1,0.8371,0.3985,0.0560,1
flip,median,1,0,0,0.4093,1.0946,0.0000,
flip,median,1,1,0,0.5825,0.9300,0.0000,2
flip,median,1,2,0,0.5928,0.8265,0.0400,4
flip,median,1,3,0,0.6567,0.7189,0.6640,5
flip,median,1,4,0,0.7278,0.6259,0.2400,8
flip,median,1,5,0,0.7515,0.5525,0.1600,1
flip,median,1,6,1,0.7660,0.5321,0.1840,1
flip,median,1,7,1,0.7804,0.5068,0.1520,1
flip,median,1,8,1,0.7784,0.4943,0.1520,1
flip,median,1,9,1,0.7938,0.4615,0.1200,1
flip,median,1,10,1,0.8041,0.4489,0.0880,1
flip,median,1,11,1,0.8134,0.4408,0.1120,1
flip,median,1,12,1,0.8165,0.4278,0.1040,1
flip,median,1,13,1,0.8216,0.4223,0.1120,1
flip,median,1,14,1,0.8196,0.4167,0.1120,1
flip,median,1,15,1,0.8155,0.4203,0.0960,1
flip,median,1,16,1,0.8247,0.4124,0.1120,1
flip,median,1,17,1,0.8278,0.3996,0.0960,1
flip,median,1,18,1,0.8289,0.3989,0.0960,1
flip,median,1,19,1,0.8330,0.3917,0.0960,1
flip,median,1,20,1,0.8268,0.3921,0.0640,1
flip,median,2,0,0,0.1299,1.1212,0.0080,
flip,median,2,1,0,0.5825,0.9531,0.0000,9
flip,median,2,2,0,0.6216,0.8458,0.2240,11
flip,median,2,3,0,0.6474,0.7536,0.5840,8
flip,median,2,4,0,0.6928,0.6665,0.4560,9
flip,median,2,5,0,0.7433,0.5835,0.2400,2
flip,median,2,6,1,0.7742,0.5195,0.1520,1
flip,median,2,7,1,0.7825,0.4928,0.1120,1
flip,median,2,8,1,0.7835,0.4834,0.1680,1
flip,median,2,9,1,0.7918,0.4680,0.1520,1
flip,median,2,10,1,0.7969,0.4655,0.1200,1
flip,median,2,11,1,0.8165,0.4379,0.0720,1
flip,median,2,12,1,0.8134,0.4340,0.1120,1
flip,median,2,13,1,0.8165,0.4223,0.0960,1
flip,median,2,14,1,0.8165,0.4225,0.0880,1
flip,median,2,15,1,0.8206,0.4279,0.1120,1
flip,median,2,16,1,0.8227,0.4086,0.0960,1
flip,median,2,17,1,0.8278,0.4123,0.0960,1
flip,median,2,18,1,0.8216,0.4148,0.0960,1
flip,median,2,19,1,0.8309,0.4074,0.0960,1
flip,median,2,20,1,0.8278,0.3988,0.0720,1
flip,bulyan,0,0,0,0.2887,1.1186,1.0000,
flip,bulyan,0,1,0,0.5825,0.9370,0.0000,11
flip,bulyan,0,2,0,0.6124,0.8254,0.1920,7
flip,bulyan,0,3,0,0.6598,0.7162,0.6480,10
flip,bulyan,0,4,0,0.7330,0.6220,0.2560,2
flip,bulyan,0,5,0,0.7670,0.5416,0.0640,6
flip,bulyan,0,6,1,0.7680,0.5293,0.1760,1
flip,bulyan,0,7,1,0.7897,0.4892,0.0640,1
flip,bulyan,0,8,1,0.7959,0.4750,0.0880,1
flip,bulyan,0,9,1,0.7969,0.4682,0.0880,1
flip,bulyan,0,10,1,0.8093,0.4452,0.0720,1
flip,bulyan,0,11,1,0.8196,0.4373,0.0640,1
flip,bulyan,0,12,1,0.8144,0.4282,0.0880,1
flip,bulyan,0,13,1,0.8175,0.4386,0.0800,1
flip,bulyan,0,14,1,0.8093,0.4273,0.0960,1
flip,bulyan,0,15,1,0.8237,0.4144,0.0560,1
flip,bulyan,0,16,1,0.8340,0.4206,0.0400,1
flip,bulyan,0,17,1,0.8258,0.4121,0.0880,1
flip,bulyan,0,18,1,0.8268,0.4199,0.0400,1
flip,bulyan,0,19,1,0.8371,0.4053,0.0560,1
flip,bulyan,0,20,1,0.8330,0.4096,0.0400,1
flip,bulyan,1,0,0,0.4093,1.0946,0.0000,
flip,bulyan,1,1,0,0.5825,0.9368,0.0000,2
flip,bulyan,1,2,0,0.5887,0.8321,0.0320,4
flip,bulyan,1,3,0,0.6536,0.7229,0.6640,4
flip,bulyan,1,4,0,0.7237,0.6328,0.2800,8
flip,bulyan,1,5,0,0.7515,0.5585,0.2160,1
flip,bulyan,1,6,1,0.7711,0.5286,0.1200,1
flip,bulyan,1,7,1,0.7794,0.5020,0.1520,1
flip,bulyan,1,8,1,0.7938,0.4876,0.0800,1
flip,bulyan,1,9,1,0.8052,0.4563,0.0720,1
flip,bulyan,1,10,1,0.8082,0.4533,0.0480,1
flip,bulyan,1,11,1,0.8093,0.4350,0.1040,1
flip,bulyan,1,12,1,0.8227,0.4306,0.0800,1
flip,bulyan,1,13,1,0.8186,0.4223,0.1040,1
flip,bulyan,1,14,1,0.8206,0.4155,0.0960,1
flip,bulyan,1,15,1,0.8155,0.4214,0.0960,1
flip,bulyan,1,16,1,0.8258,0.4126,0.0960,1
flip,bulyan,1,17,1,0.8247,0.4090,0.0720,1
flip,bulyan,1,18,1,0.8258,0.4015,0.0880,1
flip,bulyan,1,19,1,0.8258,0.3960,0.0720,1
flip,bulyan,1,20,1,0.8278,0.4055,0.0480,1
flip,bulyan,2,0,0,0.1299,1.1212,0.0080,
flip,bulyan,2,1,0,0.5825,0.9681,0.0000,9
flip,bulyan,2,2,0,0.6175,0.8551,0.1680,11
flip,bulyan,2,3,0,0.6474,0.7633,0.5600,8
flip,bulyan,2,4,0,0.6979,0.6765,0.4400,9
flip,bulyan,2,5,0,0.7340,0.5902,0.3120,2
flip,bulyan,2,6,1,0.7835,0.5178,0.0560,1
flip,bulyan,2,7,1,0.7907,0.4938,0.0640,1
flip,bulyan,2,8,1,0.7876,0.4771,0.1440,1
flip,bulyan,2,9,1,0.8021,0.4661,0.0880,1
flip,bulyan,2,10,1,0.8000,0.4656,0.0880,1
flip,bulyan,2,11,1,0.8134,0.4398,0.0720,1
flip,bulyan,2,12,1,0.8175,0.4314,0.1040,1
flip,bulyan,2,13,1,0.8216,0.4223,0.0960,1
flip,bulyan,2,14,1,0.8165,0.4259,0.0720,1
flip,bulyan,2,15,1,0.8227,0.4288,0.0960,1
flip,bulyan,2,16,1,0.8227,0.4141,0.0720,1
flip,bulyan,2,17,1,0.8278,0.4223,0.0960,1
flip,bulyan,2,18,1,0.8186,0.4168,0.0960,1
flip,bulyan,2,19,1,0.8278,0.4085,0.0720,1
flip,bulyan,2,20,1,0.8320,0.4052,0.0800,1
flip-boosted,fedavg,0,0,0,0.2887,1.1186,1.0000,
flip-boosted,fedavg,0,1,0,0.5825,0.9295,0.0000,11
flip-boosted,fedavg,0,2,0,0.6021,0.8307,0.0720,8
flip-boosted,fedavg,0,3,0,0.6567,0.7200,0.6000,11
flip-boosted,fedavg,0,4,0,0.7155,0.6293,0.3360,1
flip-boosted,fedavg,0,5,0,0.7629,0.5521,0.1120,5
flip-boosted,fedavg,0,6,1,0.7000,1.2444,0.7120,1
flip-boosted,fedavg,0,7,1,0.7866,0.5628,0.0960,1
flip-boosted,fedavg,0,8,1,0.7216,1.1941,0.7280,1
flip-boosted,fedavg,0,9,1,0.7907,0.5150,0.2240,1
flip-boosted,fedavg,0,10,1,0.7258,1.0784,0.7840,1
flip-boosted,fedavg,0,11,1,0.7856,0.5229,0.1680,1
flip-boosted,fedavg,0,12,1,0.7227,1.0302,0.8000,1
flip-boosted,fedavg,0,13,1,0.7701,0.5057,0.3520,1
flip-boosted,fedavg,0,14,1,0.7124,0.9817,0.8400,1
flip-boosted,fedavg,0,15,1,0.7629,0.7132,0.3920,1
flip-boosted,fedavg,0,16,1,0.7124,0.8979,0.8960,1
flip-boosted,fedavg,0,17,1,0.7619,0.6963,0.4240,1
flip-boosted,fedavg,0,18,1,0.7113,1.0301,0.8320,1
flip-boosted,fedavg,0,19,1,0.7381,0.7300,0.6160,1
flip-boosted,fedavg,0,20,1,0.7031,1.1265,0.8960,1
flip-boosted,fedavg,1,0,0,0.4093,1.0946,0.0000,
flip-boosted,fedavg,1,1,0,0.5825,0.9255,0.0000,2
flip-boosted,fedavg,1,2,0,0.5856,0.8323,0.0080,6
flip-boosted,fedavg,1,3,0,0.6526,0.7266,0.6480,5
flip-boosted,fedavg,1,4,0,0.7175,0.6363,0.2800,8
flip-boosted,fedavg,1,5,0,0.7505,0.5634,0.1840,1
flip-boosted,fedavg,1,6,1,0.6814,1.1244,0.8320,1
flip-boosted,fedavg,1,7,1,0.7278,0.6356,0.3440,1
flip-boosted,fedavg,1,8,1,0.7124,1.0499,0.7120,1
flip-boosted,fedavg,1,9,1,0.7454,0.5550,0.4080,1
flip-boosted,fedavg,1,10,1,0.7247,1.0149,0.7200,1
flip-boosted,fedavg,1,11,1,0.7928,0.4829,0.0880,1
flip-boosted,fedavg,1,12,1,0.7258,1.0988,0.7440,1
flip-boosted,fedavg,1,13,1,0.7938,0.4815,0.2560,1
flip-boosted,fedavg,1,14,1,0.7124,1.1680,0.8560,1
flip-boosted,fedavg,1,15,1,0.7876,0.4942,0.2240,1
flip-boosted,fedavg,1,16,1,0.6928,0.8909,0.9200,1
flip-boosted,fedavg,1,17,1,0.7732,0.5851,0.1920,1
flip-boosted,fedavg,1,18,1,0.7175,0.9594,0.8480,1
flip-boosted,fedavg,1,19,1,0.7722,0.5634,0.3280,1
flip-boosted,fedavg,1,20,1,0.7227,0.9580,0.8640,1
flip-boosted,fedavg,2,0,0,0.1299,1.1212,0.0080,
flip-boosted,fedavg,2,1,0,0.5825,0.9408,0.0000,9
flip-boosted,fedavg,2,2,0,0.6134,0.8461,0.1520,10
flip-boosted,fedavg,2,3,0,0.6485,0.7586,0.5840,7
flip-boosted,fedavg,2,4,0,0.6866,0.6756,0.5360,8
flip-boosted,fedavg,2,5,0,0.7412,0.5954,0.2000,2
flip-boosted,fedavg,2,6,1,0.6948,1.0209,0.7680,1
flip-boosted,fedavg,2,7,1,0.7526,0.5719,0.2880,1
flip-boosted,fedavg,2,8,1,0.6660,1.1198,0.8480,1
flip-boosted,fedavg,2,9,1,0.7649,0.5324,0.3920,1
flip-boosted,fedavg,2,10,1,0.6856,0.8748,0.8960,1
flip-boosted,fedavg,2,11,1,0.7938,0.4787,0.2800,1
flip-boosted,fedavg,2,12,1,0.7093,1.0159,0.8160,1
flip-boosted,fedavg,2,13,1,0.7856,0.5094,0.3520,1
flip-boosted,fedavg,2,14,1,0.7165,0.8662,0.7760,1
flip-boosted,fedavg,2,15,1,0.7546,0.5493,0.6240,1
flip-boosted,fedavg,2,16,1,0.7320,0.9142,0.8400,1
flip-boosted,fedavg,2,17,1,0.7588,0.5788,0.4320,1
flip-boosted,fedavg,2,18,1,0.7175,0.9585,0.8560,1
flip-boosted,fedavg,2,19,1,0.7093,0.8366,0.5840,1
flip-boosted,fedavg,2,20,1,0.7268,0.8177,0.8400,1
flip-boosted,multikrum,0,0,0,0.2887,1.1186,1.0000,
flip-boosted,multikrum,0,1,0,0.5825,0.9297,0.0000,11
flip-boosted,multikrum,0,2,0,0.5979,0.8327,0.0560,8
flip-boosted,multikrum,0,3,0,0.6588,0.7260,0.6240,11
flip-boosted,multikrum,0,4,0,0.7082,0.6329,0.3680,1
flip-boosted,multikrum,0,5,0,0.7588,0.5537,0.0960,4
flip-boosted,multikrum,0,6,1,0.7711,0.5255,0.1600,1
flip-boosted,multikrum,0,7,1,0.7876,0.4913,0.1120,1
flip-boosted,multikrum,0,8,1,0.7918,0.4777,0.0880,1
flip-boosted,multikrum,0,9,1,0.7969,0.4764,0.0800,1
flip-boosted,multikrum,0,10,1,0.7948,0.4541,0.1040,1
flip-boosted,multikrum,0,11,1,0.8175,0.4394,0.0800,1
flip-boosted,multikrum,0,12,1,0.8144,0.4334,0.0800,1
flip-boosted,multikrum,0,13,1,0.8134,0.4344,0.0800,1
flip-boosted,multikrum,0,14,1,0.8052,0.4299,0.0880,1
flip-boosted,multikrum,0,15,1,0.8186,0.4168,0.0800,1
flip-boosted,multikrum,0,16,1,0.8247,0.4153,0.0800,1
flip-boosted,multikrum,0,17,1,0.8237,0.4079,0.0880,1
flip-boosted,multikrum,0,18,1,0.8227,0.4158,0.0640,1
flip-boosted,multikrum,0,19,1,0.8309,0.4085,0.0400,1
flip-boosted,multikrum,0,20,1,0.8340,0.4072,0.0400,1
flip-boosted,multikrum,1,0,0,0.4093,1.0946,0.0000,
flip-boosted,multikrum,1,1,0,0.5825,0.9291,0.0000,2
flip-boosted,multikrum,1,2,0,0.5825,0.8355,0.0000,6
flip-boosted,multikrum,1,3,0,0.6515,0.7322,0.6560,4
flip-boosted,multikrum,1,4,0,0.7062,0.6441,0.3280,8
flip-boosted,multikrum,1,5,0,0.7567,0.5651,0.2000,1
flip-boosted,multikrum,1,6,1,0.7773,0.5296,0.1360,1
flip-boosted,multikrum,1,7,1,0.7711,0.5118,0.1040,1
flip-boosted,multikrum,1,8,1,0.7763,0.5009,0.1120,1
flip-boosted,multikrum,1,9,1,0.7990,0.4612,0.0880,1
flip-boosted,multikrum,1,10,1,0.8041,0.4482,0.0480,1
flip-boosted,multikrum,1,11,1,0.8072,0.4399,0.1040,1
flip-boosted,multikrum,1,12,1,0.8082,0.4349,0.0880,1
flip-boosted,multikrum,1,13,1,0.8124,0.4246,0.1040,1
flip-boosted,multikrum,1,14,1,0.8072,0.4273,0.1120,1
flip-boosted,multikrum,1,15,1,0.8124,0.4364,0.0880,1
flip-boosted,multikrum,1,16,1,0.8165,0.4274,0.1040,1
flip-boosted,multikrum,1,17,1,0.8278,0.4104,0.0800,1
flip-boosted,multikrum,1,18,1,0.8227,0.4159,0.0720,1
flip-boosted,multikrum,1,19,1,0.8258,0.3972,0.0880,1
flip-boosted,multikrum,1,20,1,0.8289,0.4026,0.0240,1
flip-boosted,multikrum,2,0,0,0.1299,1.1212,0.0080,
flip-boosted,multikrum,2,1,0,0.5825,0.9494,0.0000,9
flip-boosted,multikrum,2,2,0,0.6093,0.8501,0.1120,11
flip-boosted,multikrum,2,3,0,0.6515,0.7644,0.5840,7
flip-boosted,multikrum,2,4,0,0.6897,0.6840,0.5280,9
flip-boosted,multikrum,2,5,0,0.7381,0.6009,0.2480,2
flip-boosted,multikrum,2,6,1,0.7680,0.5259,0.1120,1
flip-boosted,multikrum,2,7,1,0.7876,0.4984,0.0720,1
flip-boosted,multikrum,2,8,1,0.7856,0.4862,0.1520,1
flip-boosted,multikrum,2,9,1,0.7907,0.4721,0.1440,1
flip-boosted,multikrum,2,10,1,0.7990,0.4681,0.0880,1
flip-boosted,multikrum,2,11,1,0.8155,0.4429,0.0560,1
flip-boosted,multikrum,2,12,1,0.8113,0.4338,0.0960,1
flip-boosted,multikrum,2,13,1,0.8134,0.4258,0.0960,1
flip-boosted,multikrum,2,14,1,0.8052,0.4339,0.0800,1
flip-boosted,multikrum,2,15,1,0.8124,0.4267,0.0960,1
flip-boosted,multikrum,2,16,1,0.8227,0.4161,0.0800,1
flip-boosted,multikrum,2,17,1,0.8206,0.4190,0.0880,1
flip-boosted,multikrum,2,18,1,0.8206,0.4224,0.0960,1
flip-boosted,multikrum,2,19,1,0.8093,0.4302,0.0960,1
flip-boosted,multikrum,2,20,1,0.8258,0.4106,0.0720,1
flip-boosted,krum,0,0,0,0.2887,1.1186,1.0000,
flip-boosted,krum,0,1,0,0.5825,0.9489,0.0000,11
flip-boosted,krum,0,2,0,0.6041,0.8258,0.1280,5
flip-boosted,krum,0,3,0,0.6433,0.7543,0.7040,10
flip-boosted,krum,0,4,0,0.6670,0.6783,0.5840,5
flip-boosted,krum,0,5,0,0.7402,0.6152,0.1360,6
flip-boosted,krum,0,6,1,0.7485,0.6132,0.2400,1
flip-boosted,krum,0,7,1,0.7588,0.5518,0.0400,1
flip-boosted,krum,0,8,1,0.7701,0.5209,0.0880,1
flip-boosted,krum,0,9,1,0.7433,0.5876,0.0080,1
flip-boosted,krum,0,10,1,0.7701,0.5349,0.1760,1
flip-boosted,krum,0,11,1,0.7969,0.4934,0.1120,1
flip-boosted,krum,0,12,1,0.7979,0.4741,0.1120,1
flip-boosted,krum,0,13,1,0.7680,0.5272,0.0000,1
flip-boosted,krum,0,14,1,0.7825,0.4749,0.1920,1
flip-boosted,krum,0,15,1,0.7907,0.4702,0.0320,1
flip-boosted,krum,0,16,1,0.7887,0.4807,0.1840,1
flip-boosted,krum,0,17,1,0.8052,0.4586,0.0400,1
flip-boosted,krum,0,18,1,0.8072,0.4931,0.1920,1
flip-boosted,krum,0,19,1,0.8216,0.4593,0.0240,1
flip-boosted,krum,0,20,1,0.8186,0.4636,0.0560,1
flip-boosted,krum,1,0,0,0.4093,1.0946,0.0000,
flip-boosted,krum,1,1,0,0.5825,0.9416,0.0000,2
flip-boosted,krum,1,2,0,0.5825,0.8639,0.0000,6
flip-boosted,krum,1,3,0,0.6247,0.7902,0.7520,5
flip-boosted,krum,1,4,0,0.6866,0.6960,0.2320,9
flip-boosted,krum,1,5,0,0.6918,0.6633,0.5920,1
flip-boosted,krum,1,6,1,0.7361,0.5852,0.0720,1
flip-boosted,krum,1,7,1,0.7351,0.6006,0.2800,1
flip-boosted,krum,1,8,1,0.7598,0.5752,0.0960,1
flip-boosted,krum,1,9,1,0.7742,0.5351,0.0400,1
flip-boosted,krum,1,10,1,0.7639,0.5504,0.0480,1
flip-boosted,krum,1,11,1,0.7959,0.4923,0.1360,1
flip-boosted,krum,1,12,1,0.7887,0.5068,0.0640,1
flip-boosted,krum,1,13,1,0.7866,0.4898,0.1360,1
flip-boosted,krum,1,14,1,0.8000,0.4802,0.0640,1
flip-boosted,krum,1,15,1,0.7928,0.5000,0.0640,1
flip-boosted,krum,1,16,1,0.7784,0.5175,0.2400,1
flip-boosted,krum,1,17,1,0.8041,0.4597,0.0560,1
flip-boosted,krum,1,18,1,0.8165,0.4385,0.0800,1
flip-boosted,krum,1,19,1,0.8062,0.4754,0.0480,1
flip-boosted,krum,1,20,1,0.8165,0.4473,0.1120,1
flip-boosted,krum,2,0,0,0.1299,1.1212,0.0080,
flip-boosted,krum,2,1,0,0.5825,0.9763,0.0000,9
flip-boosted,krum,2,2,0,0.5825,0.8627,0.0000,9
flip-boosted,krum,2,3,0,0.6485,0.7930,0.5680,7
flip-boosted,krum,2,4,0,0.6608,0.7113,0.5360,8
flip-boosted,krum,2,5,0,0.7206,0.6696,0.3840,2
flip-boosted,krum,2,6,1,0.7505,0.6276,0.0640,1
flip-boosted,krum,2,7,1,0.7495,0.5474,0.1840,1
flip-boosted,krum,2,8,1,0.7701,0.5196,0.1200,1
flip-boosted,krum,2,9,1,0.7763,0.5167,0.1360,1
flip-boosted,krum,2,10,1,0.7649,0.5417,0.1680,1
flip-boosted,krum,2,11,1,0.7639,0.5276,0.1360,1
flip-boosted,krum,2,12,1,0.7660,0.5244,0.1840,1
flip-boosted,krum,2,13,1,0.7887,0.5183,0.1600,1
flip-boosted,krum,2,14,1,0.8052,0.4815,0.0720,1
flip-boosted,krum,2,15,1,0.7351,0.5878,0.1440,1
flip-boosted,krum,2,16,1,0.8052,0.4668,0.0960,1
flip-boosted,krum,2,17,1,0.8010,0.4608,0.0960,1
flip-boosted,krum,2,18,1,0.8041,0.4887,0.1280,1
flip-boosted,krum,2,19,1,0.8144,0.4985,0.0800,1
flip-boosted,krum,2,20,1,0.8155,0.4600,0.0720,1
flip-boosted,trimmed-mean,0,0,0,0.2887,1.1186,1.0000,
flip-boosted,trimmed-mean,0,1,0,0.5825,0.9329,0.0000,11
flip-boosted,trimmed-mean,0,2,0,0.6062,0.8291,0.1120,8
flip-boosted,trimmed-mean,0,3,0,0.6588,0.7163,0.6160,11
flip-boosted,trimmed-mean,0,4,0,0.7237,0.6237,0.2800,2
flip-boosted,trimmed-mean,0,5,0,0.7629,0.5474,0.0960,5
flip-boosted,trimmed-mean,0,6,1,0.7598,0.5328,0.2560,1
flip-boosted,trimmed-mean,0,7,1,0.7794,0.4967,0.1840,1
flip-boosted,trimmed-mean,0,8,1,0.7814,0.4790,0.1840,1
flip-boosted,trimmed-mean,0,9,1,0.7856,0.4749,0.1680,1
flip-boosted,trimmed-mean,0,10,1,0.7959,0.4539,0.1680,1
flip-boosted,trimmed-mean,0,11,1,0.8103,0.4364,0.1200,1
flip-boosted,trimmed-mean,0,12,1,0.8124,0.4296,0.1200,1
flip-boosted,trimmed-mean,0,13,1,0.8124,0.4302,0.0880,1
flip-boosted,trimmed-mean,0,14,1,0.8082,0.4278,0.1120,1
flip-boosted,trimmed-mean,0,15,1,0.8258,0.4156,0.0960,1
flip-boosted,trimmed-mean,0,16,1,0.8216,0.4105,0.0880,1
flip-boosted,trimmed-mean,0,17,1,0.8289,0.4075,0.1040,1
flip-boosted,trimmed-mean,0,18,1,0.8258,0.4080,0.0880,1
flip-boosted,trimmed-mean,0,19,1,0.8330,0.3973,0.0640,1
flip-boosted,trimmed-mean,0,20,1,0.8320,0.3981,0.0640,1
flip-boosted,trimmed-mean,1,0,0,0.4093,1.0946,0.0000,
flip-boosted,trimmed-mean,1,1,0,0.5825,0.9276,0.0000,2
flip-boosted,trimmed-mean,1,2,0,0.5866,0.8298,0.0240,6
flip-boosted,trimmed-mean,1,3,0,0.6515,0.7229,0.6640,5
flip-boosted,trimmed-mean,1,4,0,0.7247,0.6306,0.2640,8
flip-boosted,trimmed-mean,1,5,0,0.7495,0.5580,0.1680,1
flip-boosted,trimmed-mean,1,6,1,0.7598,0.5379,0.2240,1
flip-boosted,trimmed-mean,1,7,1,0.7701,0.5127,0.1600,1
flip-boosted,trimmed-mean,1,8,1,0.7732,0.4995,0.1680,1
flip-boosted,trimmed-mean,1,9,1,0.7907,0.4655,0.1440,1
flip-boosted,trimmed-mean,1,10,1,0.8041,0.4496,0.1040,1
flip-boosted,trimmed-mean,1,11,1,0.8144,0.4474,0.1360,1
flip-boosted,trimmed-mean,1,12,1,0.8103,0.4306,0.1200,1
flip-boosted,trimmed-mean,1,13,1,0.8227,0.4248,0.1120,1
flip-boosted,trimmed-mean,1,14,1,0.8237,0.4228,0.1200,1
flip-boosted,trimmed-mean,1,15,1,0.8196,0.4243,0.0960,1
flip-boosted,trimmed-mean,1,16,1,0.8258,0.4197,0.1120,1
flip-boosted,trimmed-mean,1,17,1,0.8299,0.4011,0.0960,1
flip-boosted,trimmed-mean,1,18,1,0.8278,0.4005,0.0960,1
flip-boosted,trimmed-mean,1,19,1,0.8299,0.3934,0.0880,1
flip-boosted,trimmed-mean,1,20,1,0.8309,0.3913,0.0640,1
flip-boosted,trimmed-mean,2,0,0,0.1299,1.1212,0.0080,
flip-boosted,trimmed-mean,2,1,0,0.5825,0.9459,0.0000,9
flip-boosted,trimmed-mean,2,2,0,0.6186,0.8463,0.1920,10
flip-boosted,trimmed-mean,2,3,0,0.6485,0.7571,0.5920,7
flip-boosted,trimmed-mean,2,4,0,0.6928,0.6722,0.4800,9
flip-boosted,trimmed-mean,2,5,0,0.7464,0.5893,0.2080,2
flip-boosted,trimmed-mean,2,6,1,0.7691,0.5289,0.1840,1
flip-boosted,trimmed-mean,2,7,1,0.7773,0.4974,0.1600,1
flip-boosted,trimmed-mean,2,8,1,0.7814,0.4922,0.1920,1
flip-boosted,trimmed-mean,2,9,1,0.7928,0.4728,0.1600,1
flip-boosted,trimmed-mean,2,10,1,0.7938,0.4682,0.1600,1
flip-boosted,trimmed-mean,2,11,1,0.8165,0.4378,0.0880,1
flip-boosted,trimmed-mean,2,12,1,0.8134,0.4360,0.1280,1
flip-boosted,trimmed-mean,2,13,1,0.8175,0.4242,0.0960,1
flip-boosted,trimmed-mean,2,14,1,0.8134,0.4224,0.0880,1
flip-boosted,trimmed-mean,2,15,1,0.8216,0.4272,0.1200,1
flip-boosted,trimmed-mean,2,16,1,0.8216,0.4072,0.0960,1
flip-boosted,trimmed-mean,2,17,1,0.8258,0.4114,0.0960,1
flip-boosted,trimmed-mean,2,18,1,0.8206,0.4188,0.0960,1
flip-boosted,trimmed-mean,2,19,1,0.8289,0.4149,0.0960,1
flip-boosted,trimmed-mean,2,20,1,0.8309,0.3981,0.0880,1
flip-boosted,median,0,0,0,0.2887,1.1186,1.0000,
flip-boosted,median,0,1,0,0.5825,0.9371,0.0000,11
flip-boosted,median,0,2,0,0.6113,0.8275,0.1440,7
flip-boosted,median,0,3,0,0.6608,0.7129,0.6320,10
flip-boosted,median,0,4,0,0.7309,0.6168,0.2640,1
flip-boosted,median,0,5,0,0.7680,0.5421,0.0720,4
flip-boosted,median,0,6,1,0.7660,0.5270,0.2240,1
flip-boosted,median,0,7,1,0.7814,0.4902,0.1760,1
flip-boosted,median,0,8,1,0.7876,0.4738,0.1600,1
flip-boosted,median,0,9,1,0.7938,0.4690,0.1360,1
flip-boosted,median,0,10,1,0.8031,0.4464,0.1200,1
flip-boosted,median,0,11,1,0.8186,0.4318,0.0800,1
flip-boosted,median,0,12,1,0.8113,0.4270,0.1040,1
flip-boosted,median,0,13,1,0.8144,0.4319,0.0880,1
flip-boosted,median,0,14,1,0.8103,0.4284,0.1040,1
flip-boosted,median,0,15,1,0.8258,0.4096,0.0800,1
flip-boosted,median,0,16,1,0.8247,0.4082,0.0720,1
flip-boosted,median,0,17,1,0.8309,0.4045,0.0880,1
flip-boosted,median,0,18,1,0.8309,0.4049,0.0720,1
flip-boosted,median,0,19,1,0.8320,0.3977,0.0560,1
flip-boosted,median,0,20,1,0.8361,0.3982,0.0480,1
flip-boosted,median,1,0,0,0.4093,1.0946,0.0000,
flip-boosted,median,1,1,0,0.5825,0.9300,0.0000,2
flip-boosted,median,1,2,0,0.5928,0.8265,0.0400,4
flip-boosted,median,1,3,0,0.6567,0.7189,0.6640,5
flip-boosted,median,1,4,0,0.7278,0.6259,0.2400,8
flip-boosted,median,1,5,0,0.7515,0.5525,0.1600,1
flip-boosted,median,1,6,1,0.7660,0.5317,0.1840,1
flip-boosted,median,1,7,1,0.7814,0.5050,0.1520,1
flip-boosted,median,1,8,1,0.7794,0.4917,0.1520,1
flip-boosted,median,1,9,1,0.7948,0.4586,0.1120,1
flip-boosted,median,1,10,1,0.8021,0.4470,0.0880,1
flip-boosted,median,1,11,1,0.8113,0.4386,0.1200,1
flip-boosted,median,1,12,1,0.8175,0.4257,0.1040,1
flip-boosted,median,1,13,1,0.8237,0.4201,0.1120,1
flip-boosted,median,1,14,1,0.8227,0.4142,0.1040,1
flip-boosted,median,1,15,1,0.8186,0.4196,0.0960,1
flip-boosted,median,1,16,1,0.8247,0.4105,0.1120,1
flip-boosted,median,1,17,1,0.8299,0.3985,0.0960,1
flip-boosted,median,1,18,1,0.8330,0.3981,0.0960,1
flip-boosted,median,1,19,1,0.8309,0.3909,0.0960,1
flip-boosted,median,1,20,1,0.8289,0.3921,0.0560,1
flip-boosted,median,2,0,0,0.1299,1.1212,0.0080,
flip-boosted,median,2,1,0,0.5825,0.9531,0.0000,9
flip-boosted,median,2,2,0,0.6216,0.8458,0.2240,11
flip-boosted,median,2,3,0,0.6474,0.7536,0.5840,8
flip-boosted,median,2,4,0,0.6928,0.6665,0.4560,9
flip-boosted,median,2,5,0,0.7433,0.5835,0.2400,2
flip-boosted,median,2,6,1,0.7742,0.5183,0.1520,1
flip-boosted,median,2,7,1,0.7825,0.4913,0.1120,1
flip-boosted,median,2,8,1,0.7845,0.4815,0.1680,1
flip-boosted,median,2,9,1,0.7907,0.4652,0.1520,1
flip-boosted,median,2,10,1,0.8041,0.4642,0.1040,1
flip-boosted,median,2,11,1,0.8144,0.4351,0.0880,1
flip-boosted,median,2,12,1,0.8134,0.4317,0.1040,1
flip-boosted,median,2,13,1,0.8175,0.4199,0.0960,1
flip-boosted,median,2,14,1,0.8165,0.4216,0.0880,1
flip-boosted,median,2,15,1,0.8237,0.4250,0.1040,1
flip-boosted,median,2,16,1,0.8216,0.4077,0.0960,1
flip-boosted,median,2,17,1,0.8268,0.4116,0.0960,1
flip-boosted,median,2,18,1,0.8227,0.4144,0.0960,1
flip-boosted,median,2,19,1,0.8289,0.4061,0.0960,1
flip-boosted,median,2,20,1,0.8289,0.3984,0.0720,1
flip-boosted,bulyan,0,0,0,0.2887,1.1186,1.0000,
flip-boosted,bulyan,0,1,0,0.5825,0.9370,0.0000,11
flip-boosted,bulyan,0,2,0,0.6124,0.8254,0.1920,7
flip-boosted,bulyan,0,3,0,0.6598,0.7162,0.6480,10
flip-boosted,bulyan,0,4,0,0.7330,0.6220,0.2560,2
flip-boosted,bulyan,0,5,0,0.7670,0.5416,0.0640,6
flip-boosted,bulyan,0,6,1,0.7680,0.5292,0.1760,1
flip-boosted,bulyan,0,7,1,0.7897,0.4893,0.0640,1
flip-boosted,bulyan,0,8,1,0.7959,0.4750,0.0880,1
flip-boosted,bulyan,0,9,1,0.7959,0.4682,0.0960,1
flip-boosted,bulyan,0,10,1,0.8093,0.4453,0.0720,1
flip-boosted,bulyan,0,11,1,0.8216,0.4372,0.0560,1
flip-boosted,bulyan,0,12,1,0.8144,0.4282,0.0880,1
flip-boosted,bulyan,0,13,1,0.8175,0.4384,0.0800,1
flip-boosted,bulyan,0,14,1,0.8093,0.4274,0.0960,1
flip-boosted,bulyan,0,15,1,0.8237,0.4144,0.0560,1
flip-boosted,bulyan,0,16,1,0.8320,0.4208,0.0400,1
flip-boosted,bulyan,0,17,1,0.8258,0.4122,0.0880,1
flip-boosted,bulyan,0,18,1,0.8258,0.4199,0.0400,1
flip-boosted,bulyan,0,19,1,0.8351,0.4053,0.0560,1
flip-boosted,bulyan,0,20,1,0.8330,0.4097,0.0400,1
flip-boosted,bulyan,1,0,0,0.4093,1.0946,0.0000,
flip-boosted,bulyan,1,1,0,0.5825,0.9368,0.0000,2
flip-boosted,bulyan,1,2,0,0.5887,0.8321,0.0320,4
flip-boosted,bulyan,1,3,0,0.6536,0.7229,0.6640,4
flip-boosted,bulyan,1,4,0,0.7237,0.6328,0.2800,8
flip-boosted,bulyan,1,5,0,0.7515,0.5585,0.2160,1
flip-boosted,bulyan,1,6,1,0.7711,0.5286,0.1200,1
flip-boosted,bulyan,1,7,1,0.7794,0.5020,0.1520,1
flip-boosted,bulyan,1,8,1,0.7938,0.4876,0.0800,1
flip-boosted,bulyan,1,9,1,0.8052,0.4563,0.0720,1
flip-boosted,bulyan,1,10,1,0.8082,0.4532,0.0480,1
flip-boosted,bulyan,1,11,1,0.8093,0.4350,0.1040,1
flip-boosted,bulyan,1,12,1,0.8227,0.4309,0.0800,1
flip-boosted,bulyan,1,13,1,0.8165,0.4225,0.1040,1
flip-boosted,bulyan,1,14,1,0.8206,0.4156,0.0960,1
flip-boosted,bulyan,1,15,1,0.8165,0.4216,0.0960,1
flip-boosted,bulyan,1,16,1,0.8258,0.4125,0.0960,1
flip-boosted,bulyan,1,17,1,0.8247,0.4090,0.0720,1
flip-boosted,bulyan,1,18,1,0.8247,0.4017,0.0880,1
flip-boosted,bulyan,1,19,1,0.8258,0.3959,0.0720,1
flip-boosted,bulyan,1,20,1,0.8299,0.4053,0.0400,1
flip-boosted,bulyan,2,0,0,0.1299,1.1212,0.0080,
flip-boosted,bulyan,2,1,0,0.5825,0.9681,0.0000,9
flip-boosted,bulyan,2,2,0,0.6175,0.8551,0.1680,11
flip-boosted,bulyan,2,3,0,0.6474,0.7633,0.5600,8
flip-boosted,bulyan,2,4,0,0.6979,0.6765,0.4400,9
flip-boosted,bulyan,2,5,0,0.7340,0.5902,0.3120,2
flip-boosted,bulyan,2,6,1,0.7835,0.5178,0.0560,1
flip-boosted,bulyan,2,7,1,0.7907,0.4938,0.0640,1
flip-boosted,bulyan,2,8,1,0.7876,0.4771,0.1440,1
flip-boosted,bulyan,2,9,1,0.8021,0.4661,0.0880,1
flip-boosted,bulyan,2,10,1,0.8000,0.4656,0.0880,1
flip-boosted,bulyan,2,11,1,0.8134,0.4398,0.0720,1
flip-boosted,bulyan,2,12,1,0.8175,0.4314,0.1040,1
flip-boosted,bulyan,2,13,1,0.8216,0.4223,0.0960,1
flip-boosted,bulyan,2,14,1,0.8165,0.4259,0.0720,1
flip-boosted,bulyan,2,15,1,0.8227,0.4288,0.0960,1
flip-boosted,bulyan,2,16,1,0.8227,0.4141,0.0720,1
flip-boosted,bulyan,2,17,1,0.8278,0.4223,0.0960,1
flip-boosted,bulyan,2,18,1,0.8186,0.4168,0.0960,1
flip-boosted,bulyan,2,19,1,0.8278,0.4085,0.0720,1
flip-boosted,bulyan,2,20,1,0.8320,0.4052,0.0800,1
