scenario,rule,seeds,final_accuracy_pct_median,final_accuracy_pct_min,final_accuracy_pct_max,final_attack_success_pct_median,final_attack_success_pct_min,final_attack_success_pct_max,mean_attack_success_attack_rounds_pct_median,mean_attack_success_attack_rounds_pct_min,mean_attack_success_attack_rounds_pct_max,mean_accuracy_attack_rounds_pct_median,mean_accuracy_attack_rounds_pct_min,mean_accuracy_attack_rounds_pct_max,attacker_farthest_share_pct,attacker_honest_rank_median
clean,fedavg,3,83.20,83.09,83.40,4.00,4.00,5.60,8.75,8.05,9.12,80.98,80.96,81.21,,
clean,multikrum,3,82.89,82.58,83.20,6.40,3.20,8.80,9.23,9.12,9.23,80.85,80.80,80.96,,
clean,krum,3,81.55,79.90,81.86,6.40,5.60,11.20,11.20,9.97,13.23,78.31,77.68,78.45,,
clean,trimmed-mean,3,82.99,82.99,83.61,4.00,4.00,4.80,8.32,7.79,8.64,81.15,81.13,81.42,,
clean,median,3,82.89,82.27,83.71,4.00,4.00,6.40,8.43,7.57,8.53,81.31,81.19,81.53,,
clean,bulyan,3,82.99,82.89,83.51,5.60,3.20,8.80,8.48,8.43,8.64,81.18,81.11,81.31,,
flip,fedavg,3,83.09,82.78,83.30,9.60,8.80,9.60,13.33,13.17,14.08,80.29,80.13,80.38,100.0,7
flip,multikrum,3,82.78,82.58,83.40,4.00,2.40,7.20,9.01,8.43,9.49,80.66,80.58,80.98,100.0,7
flip,krum,3,81.65,81.55,81.86,7.20,5.60,11.20,10.24,9.97,12.27,78.36,78.07,78.45,100.0,6
flip,trimmed-mean,3,82.89,82.78,83.20,7.20,6.40,9.60,12.21,12.16,12.64,80.67,80.55,80.67,100.0,7
flip,median,3,82.78,82.68,83.71,6.40,5.60,7.20,10.93,10.93,11.31,81.00,80.96,81.00,100.0,7
flip,bulyan,3,83.20,82.78,83.30,4.80,4.00,8.00,8.64,7.57,8.85,81.23,81.16,81.34,100.0,7
flip-boosted,fedavg,3,72.27,70.31,72.68,86.40,84.00,89.60,58.40,55.57,63.95,73.88,73.12,74.03,100.0,7
flip-boosted,multikrum,3,82.89,82.58,83.40,4.00,2.40,7.20,9.01,8.43,9.49,80.65,80.58,80.98,100.0,7
flip-boosted,krum,3,81.65,81.55,81.86,7.20,5.60,11.20,10.24,9.97,12.27,78.36,78.07,78.45,100.0,6
flip-boosted,trimmed-mean,3,83.09,83.09,83.20,6.40,6.40,8.80,12.32,12.27,12.69,80.83,80.75,80.89,100.0,7
flip-boosted,median,3,82.89,82.89,83.61,5.60,4.80,7.20,10.83,10.72,11.20,81.10,81.00,81.11,100.0,7
flip-boosted,bulyan,3,83.20,82.99,83.30,4.00,4.00,8.00,8.64,7.57,8.80,81.23,81.16,81.31,100.0,7
